{
 "mdsDat": {
 "x": [ 0.1998869, 0.1539313, -0.3538182 ],
"y": [ 0.2032827, -0.2216815, 0.01839878 ],
"topics": [ 1, 2, 3 ],
"Freq": [ 41.05295, 39.34319, 19.60386 ],
"cluster": [        1,        1,        1 ] 
},
"tinfo": {
 "Term": [ "正常", "變壓器", "檢查", "發現", "STD", "漏油", "更換", "電氣室", "油溫", "機械", "地面", "Cobble", "氮壓", "液位", "油面計", "發生", "操作", "第一線", "鋼胚", "速度", "第一", "RSM", "HMI", "#1", "ATR04", "MTR04", "MTR05", "MTR06", "反應", "第二線", "Cobble", "造成", "閃爍", "頭端", "cobble", "燒毀", "原因", "HMD", "股長", "#2", "信號", "告知", "工業風扇", "順軋", "自動", "進入", "轉動", "Housing", "#20", "失敗", "突然", "偵測", "入口", "尾端", "一直", "疑似", "ODG", "#25", "斷裂", "內部", "STD", "更換", "機械", "#1", "搶修", "通知", "振動", "測試", "震動", "進場", "軋輥", "異音", "確認", "Door", "檢修", "開軋", "尺寸", "打開", "齒輪箱", "精軋機", "使用", "手動", "生產", "重新", "Snap Shear", "拔輥器", "出口", "進行", "維護", "嚴重", "變壓器", "電氣室", "油溫", "地面", "氮壓", "液位", "油面計", "速度", "ATR04", "MTR04", "MTR05", "MTR06", "送電", "第三", "第二", "ATR", "水箱", "ST1", "近接開關", "匹配", "軋制", "ATR02", "ATR02A", "MTR01", "MTR02", "MTR03", "MTR07", "1)", "包紮機", "過高", "發生", "鋼胚", "發現", "軋機", "第一", "第一線", "NTM", "COBBLE", "反應", "操作", "不會", "ROLL HOUSING", "L1", "漏油", "正常", "第二線", "無法", "詢問", "導致", "之後", "檢查", "動作", "配合", "RSM", "CP2", "NTM", "操作", "查看", "處理", "第二線", "軋延", "同仁", "檢查", "HMI", "沒有", "顯示", "異常", "異常", "正常", "顯示", "現場", "第一線", "現場", "無法", "軋延", "NTM", "配合", "反應", "啟動", "現場", "發現", "故障" ],
"logprob": [       30,       29,       28,       27,       26,       25,       24,       23,       22,       21,       20,       19,       18,       17,       16,       15,       14,       13,       12,       11,       10,        9,        8,        7,        6,        5,        4,        3,        2,        1,  -3.8222,  -4.3185,  -4.5904,  -4.6221,  -4.6549,   -4.798,   -4.878,   -4.878,  -4.9205,  -4.9649,  -5.0114,  -5.0602,  -5.0602,  -5.1115,  -5.1115,  -5.1655,  -5.2226,  -5.2832,  -5.3477,  -5.3477,  -5.3477,  -5.3477,  -5.4167,  -5.4167,  -5.4167,  -5.4167,  -5.4167,  -5.4907,  -5.4907,  -5.4907,   -3.602,  -3.6388,  -3.7441,  -4.2365,  -4.3831,  -4.4371,  -4.6884,  -4.8017,   -4.885,  -4.9759,  -4.9759,  -4.9759,  -5.0247,  -5.0247,   -5.076,   -5.076,    -5.13,    -5.13,  -5.1871,  -5.1871,  -5.1871,  -5.1871,  -5.2477,  -5.2477,  -5.2477,  -5.3122,  -5.3122,  -5.3122,  -5.3122,  -5.3122,  -3.3308,  -3.5026,  -3.5237,  -3.6602,  -3.7102,  -3.7102,  -3.7102,  -3.9397,  -4.1156,  -4.1156,  -4.1156,  -4.1156,  -4.1548,  -4.1956,  -4.2381,   -4.329,  -4.3778,  -4.3778,  -4.5402,  -4.8083,  -4.8083,  -4.8083,  -4.8083,  -4.8083,  -4.8083,  -4.8083,  -4.8083,  -4.8883,  -4.8883,  -4.9752,  -3.7658,  -3.8666,  -3.0936,  -4.1706,  -3.9725,  -3.0194,  -2.1956,  -3.9958,   -3.513,  -3.0866,   -4.798,  -4.5241,  -4.5866,  -3.4036,  -3.0432,  -3.4412,  -3.9619,  -4.7239,   -4.798,   -4.878,  -3.5435,  -4.7247,  -4.1087,  -4.0064,  -4.5008,  -2.7686,  -3.3669,  -4.7247,   -4.885,  -3.7867,  -4.5008,  -4.8017,  -3.3485,  -4.0064,  -4.2381,  -4.6549,  -4.5298,  -4.4098,  -4.3571,  -4.1548,  -3.9725,  -4.1921,  -4.4653,  -4.4653,  -4.5866,  -3.5026,  -4.6549,  -4.4371,  -4.5402,  -4.8372,   -4.798,   -4.885 ],
"loglift": [       30,       29,       28,       27,       26,       25,       24,       23,       22,       21,       20,       19,       18,       17,       16,       15,       14,       13,       12,       11,       10,        9,        8,        7,        6,        5,        4,        3,        2,        1,     0.89,   0.8898,   0.8897,   0.8897,   0.8897,   0.8896,   0.8895,   0.8895,   0.8895,   0.8894,   0.8894,   0.8893,   0.8893,   0.8893,   0.8893,   0.8892,   0.8892,   0.8891,    0.889,    0.889,    0.889,    0.889,   0.8889,   0.8889,   0.8889,   0.8889,   0.8889,   0.8888,   0.8888,   0.8888,   0.9326,   0.9326,   0.9326,   0.9324,   0.9323,   0.9323,   0.9321,   0.9321,    0.932,   0.9319,   0.9319,   0.9319,   0.9319,   0.9319,   0.9318,   0.9318,   0.9318,   0.9318,   0.9317,   0.9317,   0.9317,   0.9317,   0.9316,   0.9316,   0.9316,   0.9315,   0.9315,   0.9315,   0.9315,   0.9315,   1.6291,    1.629,    1.629,   1.6289,   1.6289,   1.6289,   1.6289,   1.6288,   1.6286,   1.6286,   1.6286,   1.6286,   1.6286,   1.6286,   1.6285,   1.6284,   1.6284,   1.6284,   1.6282,   1.6278,   1.6278,   1.6278,   1.6278,   1.6278,   1.6278,   1.6278,   1.6278,   1.6277,   1.6277,   1.6275,   0.8632,   0.8459,    0.759,   0.8307,   1.5943,   0.6117,   0.3777,   0.6891,   0.5679,   0.3456,    0.754,   0.8172,   0.7818,   1.2952,    1.198,   0.3724,   0.4332,   0.7265,   0.7475,   0.7434,   0.4452,   0.7304,     0.46,    1.345,   0.4775,  -0.1953,   0.0653,   0.6712,   0.7708,   0.0269,   0.2591,    0.653,   0.6401,   1.0841,   1.1318,   0.3093,   0.0682,   0.1882,   -0.116,   0.8095,   0.4954,  -0.5609,   0.0026,  -0.0702,   0.1733,  -0.9293,  -0.0862,  -0.3562,   0.8485,  -0.3692,  -0.9453,   0.5393 ],
"Freq": [      111,       54,      144,      165,       83,       70,       80,       45,       44,       72,       39,       69,       37,       37,       37,       75,      251,      206,       69,       29,       29,       36,       47,       44,       24,       24,       24,       24,      131,      171, 69.88234, 42.54104, 32.41463, 31.40199, 30.38935, 26.33879, 24.31351, 24.31351, 23.30086, 22.28822, 21.27558, 20.26294, 20.26294,  19.2503,  19.2503, 18.23766, 17.22502, 16.21238, 15.19974, 15.19974, 15.19974, 15.19974,  14.1871,  14.1871,  14.1871,  14.1871,  14.1871, 13.17446, 13.17446, 13.17446,  83.4695, 80.45289, 72.40861, 44.25361,  38.2204, 36.20933, 28.16505, 25.14844, 23.13737,  21.1263,  21.1263,  21.1263, 20.12076, 20.12076, 19.11523, 19.11523, 18.10969, 18.10969, 17.10416, 17.10416, 17.10416, 17.10416, 16.09862, 16.09862, 16.09862, 15.09309, 15.09309, 15.09309, 15.09309, 15.09309, 54.54692, 45.93576, 44.97896, 39.23819,  37.3246,  37.3246,  37.3246, 29.67023, 24.88626, 24.88626, 24.88626, 24.88626, 23.92946, 22.97266, 22.01587, 20.10228, 19.14548, 19.14548, 16.27509, 12.44791, 12.44791, 12.44791, 12.44791, 12.44791, 12.44791, 12.44791, 12.44791, 11.49112, 11.49112, 10.53432, 73.93291, 66.84442, 138.7739, 47.27022, 28.71344, 155.9568,  355.447, 58.74329, 95.19836, 145.8304, 26.33879, 33.19272, 31.18165, 50.71974, 72.72604, 102.2868, 60.76857, 28.36407, 26.33879, 24.31351, 88.49717, 27.15951, 50.28683, 27.75664, 35.45255, 192.0673, 105.5913, 27.15951, 23.13737,   69.392, 35.45255, 25.14844, 53.59013, 27.75664, 22.01587, 30.38935, 34.43991, 37.21487, 39.22594, 23.92946, 28.71344, 46.26468,  35.2038,  35.2038, 31.18165, 45.93576, 30.38935, 36.20933, 16.27509, 25.32615, 26.33879, 23.13737 ],