{
 "mdsDat": {
 "x": [ -0.1203645, -0.1139023, -0.0467895, -0.1891865, 0.4702428 ],
"y": [ -0.08662812, 0.0918499,  0.22826, -0.1827463, -0.05073549 ],
"topics": [ 1, 2, 3, 4, 5 ],
"Freq": [ 30.29166, 25.55789, 18.21237, 15.28658,  10.6515 ],
"cluster": [        1,        1,        1,        1,        1 ] 
},
"tinfo": {
 "Term": [ "NTM", "正常", "反應", "檢查", "發現", "無", "變壓器", "及", "第一線", "漏油", "電氣室", "油溫", "更換", "地面", "氮壓", "液位", "油面計", "操作", "的", "第二線", "時", "無法", "STD", "後", "發生", "配合", "將", "機械", "L1", "有", "速度", "不會", "cobble", "將", "查看", "動作", "配合", "機械", "與", "調整", "鋼胚", "會", "在", "沒有", "HMI", "導致", "詢問", "次", "未", "馬達", "CP2", "現場", "頭端", "至", "刀", "第二線", "正常", "是", "RSM", "後", "故障", "支", "#1", "中", "發生", "造成", "軋延", "Cobble", "COBBLE", "線", "異常", "且", "RSM", "一", "啟動", "上", "至", "於", "頭端", "STD", "兩", "搶修", "通知", "未", "軋機", "之", "次", "第一線", "因", "溫度", "同仁", "L2", "ROLL HOUSING", "更換", "停機", "發現", "經", "軋機", "通知", "搶修", "STD", "人員", "有", "啟動", "時", "檢查", "兩", "於", "後", "線", "導致", "因", "之", "漏油", "一", "馬達", "的", "機械", "軋延", "不", "L1", "反應", "閃爍", "不", "無法", "的", "刀", "且", "是", "CP2", "第一線", "詢問", "操作", "顯示", "HMI", "人員", "沒有", "NTM", "溫度", "COBBLE", "第二線", "停機", "造成", "異常", "現場", "有", "一", "兩", "配合", "與", "變壓器", "電氣室", "油溫", "地面", "氮壓", "液位", "油面計", "無", "漏油", "及", "第一", "正常", "檢查", "溫度", "上", "#1", "中", "經", "閃爍", "L1", "同仁", "人員", "導致", "是", "ROLL HOUSING", "詢問", "通知", "頭端", "啟動", "未", "時", "NTM", "操作", "NTM", "第二線", "操作", "在", "鋼胚", "的", "第一線", "無法", "NTM", "操作", "發現", "反應", "後", "時", "檢查", "有", "異常", "不", "不會", "操作", "查看", "次", "刀", "的", "第二線", "第一線", "調整", "動作", "發生" ],
"logprob": [       30,       29,       28,       27,       26,       25,       24,       23,       22,       21,       20,       19,       18,       17,       16,       15,       14,       13,       12,       11,       10,        9,        8,        7,        6,        5,        4,        3,        2,        1,  -3.9038,  -3.9366,  -3.9366,   -3.349,  -3.9038,  -3.9705,  -3.1636,  -3.4061,  -3.9038,  -4.2022,  -3.5093,  -4.2467,  -3.3677,  -4.2467,  -4.0056,  -4.5043,  -4.4472,  -4.2931,  -4.4472,  -4.4472,  -4.0419,  -3.5093,  -4.6294,  -4.6294,  -4.5649,  -3.1333,  -3.4878,  -4.8524,  -4.5649,  -3.2604,  -3.7373,  -3.6261,   -3.526,  -3.3925,  -3.1366,  -3.8624,   -3.457,  -3.4351,   -3.526,  -4.2189,  -3.5025,  -4.2189,  -4.1724,  -3.6801,   -4.373,  -4.0855,  -4.4301,  -3.4795,  -4.4907,  -3.6801,  -4.2189,  -4.5552,  -4.6242,  -4.6982,   -4.373,  -4.2677,  -4.6242,  -3.0443,  -4.6242,  -5.0656,  -3.6876,  -3.4841,  -3.6251,  -2.8733,  -3.7204,  -2.3344,  -4.0304,  -3.5953,  -4.0304,   -3.986,  -3.2716,  -4.2881,  -2.9171,   -4.231,  -2.8591,  -2.9629,  -4.0304,  -3.4328,  -2.9171,  -4.4132,  -4.5562,  -4.2881,   -4.177,  -3.9435,   -3.986,  -4.7231,  -3.6251,  -4.0769,  -4.2881,  -4.8184,  -3.4398,  -2.3791,  -3.8452,  -3.5576,  -2.9981,  -2.8338,  -3.9786,  -4.0274,  -4.2504,  -3.7652,  -2.5017,  -4.3149,  -2.4084,  -3.8877,  -3.9786,  -4.4579,  -4.3149,  -1.6345,    -4.72,  -3.8877,  -2.9981,  -4.6248,  -4.5379,  -4.0787,  -3.9786,  -3.7274,  -4.3839,  -4.9429,  -4.4579,  -5.2302,  -2.4054,  -2.5773,  -2.5983,  -2.7349,  -2.7848,  -2.7848,  -2.7848,   -2.371,  -2.5773,  -2.4595,  -3.5037,  -2.3054,  -2.4054,  -4.0499,  -4.6552,  -5.7505,  -5.7505, -11.0538, -11.0538, -11.0538, -11.0538, -11.0538, -11.0538, -11.0538, -11.0538, -11.0538, -11.0538, -11.0538, -11.0538, -11.0538,  -3.4461,   -2.301,  -3.1899,  -2.3142,  -3.4136,  -3.2436,  -4.0055,   -4.128,  -3.8413,  -3.5537,  -4.0447,  -2.7911,  -3.6527,  -3.8624,  -4.0797,  -3.9314,  -3.9677,  -4.0447,  -4.0855,  -4.3487, -11.0538, -11.0538, -11.0538, -11.0538, -11.0538, -11.0538, -11.0538, -11.0538, -11.0538, -11.0538, -11.0538, -11.0538 ],
"loglift": [       30,       29,       28,       27,       26,       25,       24,       23,       22,       21,       20,       19,       18,       17,       16,       15,       14,       13,       12,       11,       10,        9,        8,        7,        6,        5,        4,        3,        2,        1,   1.1933,   1.1932,   1.1932,    1.113,   1.0825,   1.0753,   1.0402,   0.9259,   0.8755,   0.8605,   0.8193,   0.8189,   0.8156,   0.8073,    0.776,   0.7418,   0.7385,   0.7199,   0.6889,   0.6878,   0.6836,   0.6432,   0.5159,   0.4856,   0.4625,   0.3988,   0.3936,   0.3904,    0.383,   0.3705,   1.3632,   1.3435,   1.3195,    1.246,   1.1598,   1.0978,   1.0215,   0.9451,    0.936,   0.9017,   0.8681,   0.8186,   0.7755,   0.7647,   0.7638,   0.6861,   0.6849,   0.6763,   0.6546,   0.6352,   0.5981,   0.5485,   0.5347,   0.4379,   0.4271,   0.4062,   0.3889,   0.3558,   0.3401,   0.2663,   1.6261,   1.5814,   1.5642,   1.5274,   1.4097,   1.3239,   1.3049,   1.2049,   1.1284,   1.1177,   1.0438,   0.9591,    0.947,   0.9058,   0.8325,   0.7878,   0.7866,    0.723,   0.7138,   0.7074,   0.6899,   0.6761,   0.4969,   0.4956,   0.4588,   0.4119,   0.2698,   0.2551,   0.1904,   0.0602,   1.8768,   1.5691,   1.4833,    1.321,   1.2107,   1.0611,   1.0488,   1.0101,   0.9924,   0.9604,   0.8983,   0.8708,   0.8181,   0.8038,    0.803,   0.7893,   0.7391,   0.7034,   0.6118,   0.5743,    0.534,   0.5052,   0.4223,   0.2919,   0.1739,   0.1367,    0.061,  -0.1259,  -0.2542,  -0.4508,   2.2388,   2.2387,   2.2386,   2.2385,   2.2385,   2.2385,   2.2385,   2.0419,   1.8618,   1.7357,   1.6858,   1.5761,   1.3453,    1.282,   0.1163,   -0.905,   -1.112,  -5.7185,  -5.7254,  -5.7372,  -5.7401,  -5.8066,  -5.8077,   -5.811,  -5.8645,  -5.8681,   -5.895,  -5.9085,   -5.917,  -5.9178,   0.2455,   0.0369,   0.0366,   0.0237,   0.1186,  -0.0172,   0.1778,   0.2006,   0.0536,  -0.1537,   0.1641,  -0.4532,  -0.4263,  -0.2041,  -0.1314,  -0.3004,  -0.2761,  -0.2939,  -0.2213,   0.0219,  -6.1752,   -5.924,  -7.8274,  -6.0675,  -6.0408,  -6.0264,  -7.1589,  -7.5217,  -7.6538,  -5.9912,  -6.0081,  -6.7574 ],